update_step,epoch,batch_start,batch_size,batch_train_loss,valid_loss
1,1,0,256,2.296455302944368,2.3008652986720866
2,1,256,256,2.2944683863887767,2.2989389347299265
3,1,512,256,2.2917555455063647,2.296880729194414
4,1,768,256,2.2906045820026266,2.2948280104528207
5,1,1024,256,2.287872676789599,2.2926870038770786
6,1,1280,256,2.2861990859125756,2.290551130034051
7,1,1536,256,2.284022750665497,2.2883833166055263
8,1,1792,256,2.2816612383887467,2.2861320338417452
9,1,2048,256,2.280341940989147,2.2839199926354605
10,1,2304,256,2.2763591259802416,2.281553168402552
11,1,2560,256,2.2746888369436347,2.2792051523811
12,1,2816,256,2.2737784446856417,2.2768814984499475
13,1,3072,256,2.269196205509041,2.274429454985839
14,1,3328,256,2.266641374269039,2.271940549257325
15,1,3584,256,2.2656553506321737,2.2694268921112806
16,1,3840,256,2.2612263513055013,2.2668415448639894
17,1,4096,256,2.2628199112768907,2.264428222775792
18,1,4352,256,2.258528127102303,2.2619216161763567
19,1,4608,256,2.253919689066762,2.259311471079768
20,1,4864,256,2.2529445193060167,2.2567214206178323
21,1,5120,256,2.2514524883011466,2.2541557709343634
22,1,5376,256,2.248180402302725,2.2514988739218236
23,1,5632,256,2.24520954385199,2.2488660676834646
24,1,5888,6,2.2603536165657716,2.248822850060506
25,2,0,256,2.239686396592088,2.2462695858994297
26,2,256,256,2.2353033265066706,2.2436663437752946
27,2,512,256,2.2332411953599114,2.24108044896873
28,2,768,256,2.229607474115669,2.238424530616741
29,2,1024,256,2.2274156396277807,2.2357605434915206
30,2,1280,256,2.2246164226207186,2.233056463477542
31,2,1536,256,2.2243666080112927,2.23044090592409
32,2,1792,256,2.2161439260000564,2.22760749898296
33,2,2048,256,2.2120848795015973,2.2247274229737437
34,2,2304,256,2.2113696576038953,2.221944936061535
35,2,2560,256,2.2063363432432013,2.219121322076376
36,2,2816,256,2.206853339542443,2.216382582330568
37,2,3072,256,2.20015416640734,2.2135379379786126
38,2,3328,256,2.193924505294221,2.210615096807116
39,2,3584,256,2.2010904490641563,2.2079108920460713
40,2,3840,256,2.20078023724745,2.2052350422616636
41,2,4096,256,2.1938641063832867,2.2024226297797944
42,2,4352,256,2.1927433096025712,2.199741313993576
43,2,4608,256,2.1840773628668533,2.1968673110302
44,2,4864,256,2.1920017739770827,2.1942319479654016
45,2,5120,256,2.1873797608523136,2.191615531198253
46,2,5376,256,2.175424499529874,2.188789044042037
47,2,5632,256,2.1711975716646252,2.185862272255347
48,2,5888,6,2.2306212261802116,2.185813270919229
49,3,0,256,2.1700981014582092,2.183095821303336
50,3,256,256,2.1674311590213824,2.180391048026962
51,3,512,256,2.162143685761115,2.1776398466801368
52,3,768,256,2.1634796866648642,2.174926976448007
53,3,1024,256,2.1593080169600376,2.1722741574022852
54,3,1280,256,2.1517423083043594,2.1694557549684936
55,3,1536,256,2.1499475364209966,2.166726885251469
56,3,1792,256,2.1558446148850425,2.164135077471592
57,3,2048,256,2.146184015784349,2.161362239185803
58,3,2304,256,2.156920164553153,2.158762736188429
59,3,2560,256,2.1371284129674666,2.1559545937822886
60,3,2816,256,2.130596034702434,2.1531092168772665
61,3,3072,256,2.129809128824057,2.1502294581642913
62,3,3328,256,2.1327803162275796,2.1475199197337496
63,3,3584,256,2.1274073314201245,2.144799284053571
64,3,3840,256,2.1210451237245533,2.1419644202498356
65,3,4096,256,2.1259798973163635,2.1392129231537003
66,3,4352,256,2.1279647889503552,2.136545180165558
67,3,4608,256,2.119511482767369,2.133782432092084
68,3,4864,256,2.1063995301997753,2.1309680821044856
69,3,5120,256,2.1145378297089263,2.128247281191012
70,3,5376,256,2.130271863558801,2.125779075116767
71,3,5632,256,2.1145612793765163,2.1231540478120383
72,3,5888,6,2.0996367867587304,2.1230870028041253
73,4,0,256,2.090422952387135,2.1203166519751817
74,4,256,256,2.0933912505278394,2.11765069056057
75,4,512,256,2.1028437833083857,2.115076993337966
76,4,768,256,2.0864421648132145,2.1124226576466762
77,4,1024,256,2.0975309107940876,2.109765392402941
78,4,1280,256,2.0930839323141877,2.1070906972704027
79,4,1536,256,2.0755144132309855,2.104378587492042
80,4,1792,256,2.070226172260646,2.101632974785285
81,4,2048,256,2.081895280749262,2.0990195782841545
82,4,2304,256,2.07986787728659,2.0963691811816227
83,4,2560,256,2.078532834241782,2.093760440105806
84,4,2816,256,2.084480218763159,2.091211416948875
85,4,3072,256,2.0801878034052748,2.0887487023195264
86,4,3328,256,2.0643442261729588,2.086079982311009
87,4,3584,256,2.0738954757474373,2.08352659958958
88,4,3840,256,2.062720276630616,2.080922086661267
89,4,4096,256,2.055678647480251,2.078261065015556
90,4,4352,256,2.0597899946057794,2.0757238523448622
91,4,4608,256,2.061277809983711,2.073137607185215
92,4,4864,256,2.0474581399492635,2.070390199287203
93,4,5120,256,2.046966868725349,2.0678056889075047
94,4,5376,256,2.0523607847143266,2.0652345608136753
95,4,5632,256,2.040569686992212,2.0626278642746882
96,4,5888,6,2.0540800898753857,2.0625671579153178
97,5,0,256,2.0274407916001476,2.0599810653300965
98,5,256,256,2.042433602788136,2.0574545101518265
99,5,512,256,2.0373208027798224,2.0549897570423066
100,5,768,256,2.039728113068673,2.0524715566460614
101,5,1024,256,2.013517269461646,2.0498844743575075
102,5,1280,256,2.0212599150430277,2.047309361046927
103,5,1536,256,2.0250760420073846,2.04478157507321
104,5,1792,256,2.005975007243407,2.0422072985248145
105,5,2048,256,2.014765938133773,2.039676390125724
106,5,2304,256,2.0157546910981186,2.037164208137092
107,5,2560,256,2.0138433419148996,2.0346303736516496
108,5,2816,256,2.0022375048191723,2.032012581976896
109,5,3072,256,2.036751276713331,2.0296749215446073
110,5,3328,256,2.013629130993537,2.0272517134988837
111,5,3584,256,2.003038705956426,2.0247528263163592
112,5,3840,256,2.0075898881900898,2.022329563162397
113,5,4096,256,1.9960899199799484,2.019795299145878
114,5,4352,256,1.9838303610478099,2.017235813137662
115,5,4608,256,1.9878685874611777,2.014781979588203
116,5,4864,256,1.9922344789708701,2.0122965221437465
117,5,5120,256,1.9737910654545336,2.009756946943183
118,5,5376,256,1.9858352241244352,2.00728265190393
119,5,5632,256,1.979438311431671,2.0048405097274546
120,5,5888,6,1.9469602112372877,2.00477392558154
121,6,0,256,1.969669440136627,2.002342076550666
122,6,256,256,1.9698057640407367,1.9998574108739178
123,6,512,256,1.9667279291894793,1.9974214987292946
124,6,768,256,1.962091425239383,1.9949537690162105
125,6,1024,256,1.966141405405535,1.992547893296182
126,6,1280,256,1.9704748277002513,1.9901956483175038
127,6,1536,256,1.9463864852326047,1.9876969902060202
128,6,1792,256,1.9580904902819303,1.9853155376425773
129,6,2048,256,1.9482527418397069,1.9829639169531814
130,6,2304,256,1.9622260109255278,1.9806385215814453
131,6,2560,256,1.9576417341306327,1.978307181202802
132,6,2816,256,1.947259133026542,1.9759103387821688
133,6,3072,256,1.9465427724348188,1.9734868574863154
134,6,3328,256,1.9365920415482116,1.9711424005828118
135,6,3584,256,1.9431901136924767,1.9688336451708917
136,6,3840,256,1.9429010852609054,1.9664465975682848
137,6,4096,256,1.9381453906350852,1.9640090537878265
138,6,4352,256,1.9308178837676526,1.961633091726637
139,6,4608,256,1.967845793702603,1.9593874074546997
140,6,4864,256,1.9412409628716154,1.957088732092422
141,6,5120,256,1.9188859082363972,1.9546676429033913
142,6,5376,256,1.930017236131972,1.952318965632227
143,6,5632,256,1.9103103722071797,1.9498942707713933
144,6,5888,6,1.7958349213666551,1.949835531238165
145,7,0,256,1.9163519477387325,1.9475676071661234
146,7,256,256,1.911801991544051,1.9453038189244833
147,7,512,256,1.9057967590203364,1.9429527207603956
148,7,768,256,1.9055851172474754,1.9406433581946787
149,7,1024,256,1.9072824269749824,1.9383612835565807
150,7,1280,256,1.9007137747700915,1.9359903839462107
151,7,1536,256,1.9074384417496253,1.9337151521571763
152,7,1792,256,1.915357748749312,1.931504221169461
153,7,2048,256,1.9078152212560664,1.9293188493808557
154,7,2304,256,1.9236783849077024,1.927113679384593
155,7,2560,256,1.9084778057474177,1.9249194469691193
156,7,2816,256,1.8786425744116428,1.9225790200571449
157,7,3072,256,1.897557332396629,1.9203056865387111
158,7,3328,256,1.8633228370864074,1.9179620582600871
159,7,3584,256,1.888704733028503,1.9157333814297255
160,7,3840,256,1.878257027193794,1.9134536725019822
161,7,4096,256,1.8756161813400853,1.9111871597478873
162,7,4352,256,1.8603272165340479,1.908870010479723
163,7,4608,256,1.8554929330609522,1.9065513403508207
164,7,4864,256,1.8829952354939152,1.904397819706145
165,7,5120,256,1.8848907485262452,1.9021741628579505
166,7,5376,256,1.8403520157608928,1.8999629470419392
167,7,5632,256,1.891484728689283,1.8978520681603426
168,7,5888,6,1.8603622295770972,1.8977994387633583
169,8,0,256,1.8631785197477575,1.8956381633528872
170,8,256,256,1.8482572467889096,1.8934051351959758
171,8,512,256,1.8585091214583092,1.89121961450944
172,8,768,256,1.83833462482789,1.8890600379437665
173,8,1024,256,1.8327232482252145,1.8868412650068576
174,8,1280,256,1.859235195330639,1.8847237639133763
175,8,1536,256,1.819209155871111,1.8825315039856187
176,8,1792,256,1.834318727440046,1.8803598445702476
177,8,2048,256,1.8436104000313618,1.8782471932559497
178,8,2304,256,1.8535497576449411,1.876120097003566
179,8,2560,256,1.834496530150578,1.8739312359036457
180,8,2816,256,1.8438644628167786,1.8717923838966737
181,8,3072,256,1.8133862490796042,1.8695607813126711
182,8,3328,256,1.8488781496524243,1.8675311823700531
183,8,3584,256,1.8532402222995152,1.8654735233049837
184,8,3840,256,1.8111942175377886,1.8632669700334084
185,8,4096,256,1.827233658978848,1.8611794920004208
186,8,4352,256,1.824577970791573,1.859052263187742
187,8,4608,256,1.8050182818843519,1.8569047444150042
188,8,4864,256,1.8424088642356553,1.8548425896848109
189,8,5120,256,1.8297609855618155,1.8527571580887467
190,8,5376,256,1.8601711684644842,1.850776561571858
191,8,5632,256,1.8148962312218022,1.8486333559814134
192,8,5888,6,1.7704231461803992,1.848580265914795
193,9,0,256,1.7961786564080449,1.8464632620183852
194,9,256,256,1.8094145102259698,1.8444403216606322
195,9,512,256,1.7887686170822263,1.8423360988065776
196,9,768,256,1.8308442939144762,1.8403847121047054
197,9,1024,256,1.7959350171328172,1.8382676525540225
198,9,1280,256,1.834815706817671,1.836276220866565
199,9,1536,256,1.8055423608656747,1.8342822103062222
200,9,1792,256,1.7503944299750018,1.8321551460689982
201,9,2048,256,1.7936409251211118,1.8301448061848393
202,9,2304,256,1.7757884129925794,1.8280783885535052
203,9,2560,256,1.768617591296088,1.8260401251807064
204,9,2816,256,1.7816438714956793,1.82398931318228
205,9,3072,256,1.7956383028002394,1.8220856150222722
206,9,3328,256,1.7623767685882128,1.8199847800711924
207,9,3584,256,1.7647091455044621,1.8179194002598267
208,9,3840,256,1.7852379190570575,1.8159891226796898
209,9,4096,256,1.7620628942677743,1.8140191020814587
210,9,4352,256,1.801814883352509,1.8120758619950637
211,9,4608,256,1.7869209871332072,1.8100516168669731
212,9,4864,256,1.7665588926586868,1.8080714022264737
213,9,5120,256,1.7796766365245924,1.806097482469272
214,9,5376,256,1.7743474888343056,1.8041469529398528
215,9,5632,256,1.764521773311937,1.8021577468546026
216,9,5888,6,1.8046413153967793,1.8021085118129152
217,10,0,256,1.7581528776893718,1.8001651499210107
218,10,256,256,1.7342302704600188,1.7981970300187355
219,10,512,256,1.7136277800143656,1.796164935922913
220,10,768,256,1.7740702933695687,1.7942536624585643
221,10,1024,256,1.721611788628809,1.7922064919067011
222,10,1280,256,1.7420715861126477,1.7902965506050368
223,10,1536,256,1.7451646278954662,1.7883305965772054
224,10,1792,256,1.7142646087121154,1.7863568800206688
225,10,2048,256,1.7396813010149441,1.7843810964256153
226,10,2304,256,1.7152581321427833,1.7824389858259444
227,10,2560,256,1.7536141001316086,1.7804836691401444
228,10,2816,256,1.7183230060333798,1.7785723266991642
229,10,3072,256,1.7778277475837874,1.7766743465018164
230,10,3328,256,1.7538491576287276,1.7749016559980382
231,10,3584,256,1.7324004050365227,1.772979327246824
232,10,3840,256,1.7126543115078516,1.7711407012733076
233,10,4096,256,1.7582964389456444,1.7692949166229102
234,10,4352,256,1.7406287641997704,1.7674688671625092
235,10,4608,256,1.7066021266664542,1.7655976948965346
236,10,4864,256,1.7556781253957747,1.7638068753817968
237,10,5120,256,1.7171787895524602,1.7619480330944415
238,10,5376,256,1.7452291993948041,1.760087979437835
239,10,5632,256,1.7322779350060764,1.7583003112151612
240,10,5888,6,1.6969849818805411,1.7582520203038687
241,11,0,256,1.6684440237757383,1.7564625696754859
242,11,256,256,1.685027269449916,1.75455609395855
243,11,512,256,1.7223521104255455,1.752742841263784
244,11,768,256,1.713977936383689,1.7509588744434004
245,11,1024,256,1.6856624806599996,1.7492811531023897
246,11,1280,256,1.7181872891277585,1.7474760176535216
247,11,1536,256,1.6874510820526085,1.7457427740604603
248,11,1792,256,1.6892043005356054,1.743888358820103
249,11,2048,256,1.6928894524185876,1.7420343041933581
250,11,2304,256,1.7051201639142164,1.74014493087553
251,11,2560,256,1.7076767441812422,1.7383201632193859
252,11,2816,256,1.70797827030497,1.7366450610949389
253,11,3072,256,1.6863157924597174,1.734817837293016
254,11,3328,256,1.669475840941156,1.7329264293176683
255,11,3584,256,1.6930107362720155,1.731109951139242
256,11,3840,256,1.698392163674249,1.7293612427839982
257,11,4096,256,1.6898940767741168,1.7275844418830526
258,11,4352,256,1.678464861063082,1.7257800160813443
259,11,4608,256,1.671752014707776,1.723958026410383
260,11,4864,256,1.671380778492194,1.7221604898046863
261,11,5120,256,1.70130361628008,1.7204784917211804
262,11,5376,256,1.6844550339881876,1.7186591842580379
263,11,5632,256,1.681796543239828,1.7168895522182372
264,11,5888,6,1.6830680173378527,1.7168437821828797
265,12,0,256,1.6721697775108288,1.7151110450335387
266,12,256,256,1.6257676554423433,1.7133386023094772
267,12,512,256,1.623552927342026,1.7115209189374432
268,12,768,256,1.6490944069999145,1.7098838208543694
269,12,1024,256,1.6736165399288645,1.7081911238164913
270,12,1280,256,1.6529340625716094,1.7064646403659485
271,12,1536,256,1.6340837622052282,1.704679306182708
272,12,1792,256,1.6463799307493143,1.703026514386052
273,12,2048,256,1.6531030330211078,1.7013354062290795
274,12,2304,256,1.6530659097374714,1.69967236094468
275,12,2560,256,1.685912861414572,1.6980263090625156
276,12,2816,256,1.6682540674164825,1.6963414730518664
277,12,3072,256,1.658739053509218,1.6946711201512596
278,12,3328,256,1.6381529796579266,1.69293127188424
279,12,3584,256,1.6792283646140806,1.6913069431152357
280,12,3840,256,1.6384188719068726,1.6896419952766697
281,12,4096,256,1.6264004096441878,1.6879566357401965
282,12,4352,256,1.643494721068841,1.6862573177350881
283,12,4608,256,1.63954794231663,1.6845662537617352
284,12,4864,256,1.6256388815153522,1.682865569706004
285,12,5120,256,1.6379840093275908,1.6811377553101172
286,12,5376,256,1.6524589517465769,1.6795090692086951
287,12,5632,256,1.6340564361649623,1.6778294418260087
288,12,5888,6,1.7873786121077,1.6777939322402795
289,13,0,256,1.6201934138821614,1.6762442734987064
290,13,256,256,1.596478561137929,1.6745970402910049
291,13,512,256,1.6329607823294325,1.673002368672632
292,13,768,256,1.5887904937103614,1.6713250466218939
293,13,1024,256,1.6194957781966137,1.6696794342959556
294,13,1280,256,1.6123040371494843,1.668014112976814
295,13,1536,256,1.5968751037582583,1.6663581555868072
296,13,1792,256,1.6279912025659995,1.6647953347403763
297,13,2048,256,1.6694157602980844,1.6632326583521568
298,13,2304,256,1.628105857866269,1.6616786828317993
299,13,2560,256,1.6303175635620524,1.6601620224221447
300,13,2816,256,1.6023073499338,1.658559964928945
301,13,3072,256,1.5913307831281172,1.656918077332708
302,13,3328,256,1.5902702389360057,1.6552695826555446
303,13,3584,256,1.5939055798222312,1.6536481953696953
304,13,3840,256,1.6244995935731852,1.6520763291730625
305,13,4096,256,1.62171106428766,1.6505692638281413
306,13,4352,256,1.6008773065497324,1.6490446150503402
307,13,4608,256,1.6003321397399954,1.6473621115516943
308,13,4864,256,1.5450697822277393,1.645706605999615
309,13,5120,256,1.5901569530857766,1.644142507821846
310,13,5376,256,1.581276712344055,1.6425474194756415
311,13,5632,256,1.6123193511733889,1.6409946899857761
312,13,5888,6,1.5653515382450658,1.64096134407982
313,14,0,256,1.5905173888935256,1.639431387076697
314,14,256,256,1.5567268415269062,1.6378796671294784
315,14,512,256,1.5651729828744831,1.6364180270758693
316,14,768,256,1.5671477861954588,1.6348096732310273
317,14,1024,256,1.5990198010014325,1.6332912617851931
318,14,1280,256,1.5785427277192878,1.6317056772042389
319,14,1536,256,1.6094794383242097,1.6301683358777364
320,14,1792,256,1.5910882665081187,1.628595164691268
321,14,2048,256,1.5561315176169435,1.627072077402029
322,14,2304,256,1.5769018138013053,1.625601226491563
323,14,2560,256,1.5596370419110754,1.624147392807884
324,14,2816,256,1.577738694636042,1.6227748918894145
325,14,3072,256,1.5536399982305298,1.6212250711390008
326,14,3328,256,1.5745662490591714,1.6197114647184143
327,14,3584,256,1.5648547951518461,1.618177818661877
328,14,3840,256,1.5811388365647243,1.6165894283575908
329,14,4096,256,1.557443525563873,1.6150753505159527
330,14,4352,256,1.579590560870175,1.6135933801282547
331,14,4608,256,1.5325837965701572,1.6120410173624897
332,14,4864,256,1.5590030977598472,1.610606206751427
333,14,5120,256,1.5259195191900417,1.6091440044535008
334,14,5376,256,1.5348760450668237,1.607648691520903
335,14,5632,256,1.5984551921220231,1.6062377844713362
336,14,5888,6,1.5986640258281744,1.6061923820341015
337,15,0,256,1.5297899608597358,1.604734247029487
338,15,256,256,1.5635213391548555,1.603321809622584
339,15,512,256,1.5564868291035694,1.6018365043119034
340,15,768,256,1.5548999494255553,1.6004163889591667
341,15,1024,256,1.5465743743332314,1.5989945874591798
342,15,1280,256,1.5567027054501124,1.5975012293333575
343,15,1536,256,1.546828695247403,1.5960577438068868
344,15,1792,256,1.5235831884816013,1.5945415039054416
345,15,2048,256,1.5266738143618461,1.5930817995909845
346,15,2304,256,1.5494479289509286,1.5916698049185654
347,15,2560,256,1.5356056105670997,1.590260914321163
348,15,2816,256,1.5512183368296997,1.588876883764495
349,15,3072,256,1.5312679975350771,1.587454540886645
350,15,3328,256,1.5171014603973898,1.5860592064080885
351,15,3584,256,1.5344004391533108,1.584694804470055
352,15,3840,256,1.5332250708391548,1.583316090548194
353,15,4096,256,1.5306358474687936,1.581855187145126
354,15,4352,256,1.538768314751021,1.580431256290583
355,15,4608,256,1.4850679593029015,1.578926053507828
356,15,4864,256,1.5174068313346767,1.577502215106093
357,15,5120,256,1.5337891774329035,1.5760550536059144
358,15,5376,256,1.4909647885220871,1.5747620906672128
359,15,5632,256,1.503170025207409,1.5733788170092555
360,15,5888,6,1.3551631189315492,1.5733385463624667
361,16,0,256,1.5388826897876882,1.5719664528204984
362,16,256,256,1.526808138428846,1.5706340336585254
363,16,512,256,1.520252848648244,1.5693019153908796
364,16,768,256,1.5488672350552957,1.5679338801533098
365,16,1024,256,1.4776590313314428,1.566502106146946
366,16,1280,256,1.547122994056843,1.565141837186941
367,16,1536,256,1.4815296263923374,1.5636934774307107
368,16,1792,256,1.4719698514364519,1.5623054753056247
369,16,2048,256,1.5152447734552545,1.5610100364707205
370,16,2304,256,1.4947256825998598,1.5596789883938553
371,16,2560,256,1.4966451936522285,1.5582994758726465
372,16,2816,256,1.500786273476863,1.5569207240818592
373,16,3072,256,1.523061672322819,1.5555960552697194
374,16,3328,256,1.4804138579779962,1.5542326969793692
375,16,3584,256,1.489200451799626,1.5529026216232802
376,16,3840,256,1.5044975029796839,1.5516208687910196
377,16,4096,256,1.4599793608539597,1.550279382631833
378,16,4352,256,1.5180960299147541,1.5489391322089763
379,16,4608,256,1.504496899814577,1.5476065261654277
380,16,4864,256,1.4787544704802678,1.546321979649155
381,16,5120,256,1.456530418846842,1.5449294045330286
382,16,5376,256,1.4751023927072213,1.5436737955186246
383,16,5632,256,1.4579585236496126,1.5422865787879816
384,16,5888,6,1.2563475384578517,1.542259951443411
385,17,0,256,1.530845666351234,1.5409853224060832
386,17,256,256,1.4635374823866036,1.5396499770136893
387,17,512,256,1.4459444944119508,1.538333990948317
388,17,768,256,1.4924539686498257,1.5370742231702184
389,17,1024,256,1.4898261516484705,1.5358350383454336
390,17,1280,256,1.4927198728346815,1.5345860920678338
391,17,1536,256,1.4778035734436383,1.533251584320417
392,17,1792,256,1.4673599006819702,1.531932784710546
393,17,2048,256,1.472628841389612,1.5306702082370334
394,17,2304,256,1.4638876203828706,1.529446438896111
395,17,2560,256,1.4667368816617508,1.5281122173195438
396,17,2816,256,1.4422026865176787,1.5268613054843911
397,17,3072,256,1.4445756263464682,1.5255502192321215
398,17,3328,256,1.455590983356887,1.5242819238150298
399,17,3584,256,1.4979074864644022,1.5229963925512562
400,17,3840,256,1.4665927368529088,1.5216970049730651
401,17,4096,256,1.4442447736036708,1.5203761987870306
402,17,4352,256,1.464388936264399,1.5191899491445946
403,17,4608,256,1.4414421488321767,1.5179424594977318
404,17,4864,256,1.4816633178646286,1.5166636678672767
405,17,5120,256,1.4486219702997967,1.515435702362238
406,17,5376,256,1.4343287683550745,1.5141950081992217
407,17,5632,256,1.4295193923649037,1.5128724527520336
408,17,5888,6,1.341961458644657,1.5128432251192632
409,18,0,256,1.4467889799530007,1.511512733812979
410,18,256,256,1.4561347087855387,1.5103011743633534
411,18,512,256,1.4409338371604763,1.5090610981980594
412,18,768,256,1.4367846430830493,1.5077424486244626
413,18,1024,256,1.466656539785565,1.5065059470544153
414,18,1280,256,1.4441057272590692,1.5053069770507472
415,18,1536,256,1.411398398670479,1.5040824531070294
416,18,1792,256,1.432195637405414,1.5028111038525218
417,18,2048,256,1.4364525273943158,1.5015545192124715
418,18,2304,256,1.4101177479709992,1.5003843396041003
419,18,2560,256,1.4461051241152811,1.4992973545305543
420,18,2816,256,1.4590398949022316,1.4981650108428708
421,18,3072,256,1.4214002029330002,1.4968341388964026
422,18,3328,256,1.4372365991412557,1.4956790265796942
423,18,3584,256,1.4278297555840935,1.4944954588133461
424,18,3840,256,1.4397625056368746,1.4933875795882738
425,18,4096,256,1.3886766127904442,1.492132482063506
426,18,4352,256,1.4216187853832536,1.4909368789575128
427,18,4608,256,1.41154926117954,1.4897214335986486
428,18,4864,256,1.4787441275550806,1.4885674424947555
429,18,5120,256,1.457814593379279,1.4873433380754106
430,18,5376,256,1.4084565926900372,1.4861919056891317
431,18,5632,256,1.420887991762905,1.4849978784239275
432,18,5888,6,1.4515996663822859,1.4849654304824536
433,19,0,256,1.3890062956638016,1.4838959406763637
434,19,256,256,1.404759911520792,1.4828014620531287
435,19,512,256,1.433044491146599,1.4816641189929802
436,19,768,256,1.4131498944776917,1.4804361827014587
437,19,1024,256,1.4212577413986631,1.479347923150584
438,19,1280,256,1.405371247942623,1.4782295006796633
439,19,1536,256,1.4272451038699128,1.4769927791982156
440,19,1792,256,1.3981866476605154,1.4757218311833127
441,19,2048,256,1.3465092894834365,1.4745159904108127
442,19,2304,256,1.3509850973188793,1.4733902575102868
443,19,2560,256,1.4604585057964603,1.4721978846722799
444,19,2816,256,1.4128325994803006,1.4710800416786114
445,19,3072,256,1.3999923091388704,1.4698991080023383
446,19,3328,256,1.3932219670294532,1.468760674087879
447,19,3584,256,1.386773566983658,1.467593609392625
448,19,3840,256,1.4170915679722649,1.4664760142615405
449,19,4096,256,1.4553388876602835,1.465402984234991
450,19,4352,256,1.4114202002805718,1.464233337652952
451,19,4608,256,1.4389934766493249,1.4631242129620865
452,19,4864,256,1.3830932601336539,1.462025794586336
453,19,5120,256,1.4237655661452056,1.4608294244111406
454,19,5376,256,1.3875252282556936,1.4596870320469004
455,19,5632,256,1.367401662849014,1.4585213201768206
456,19,5888,6,1.5390631964842763,1.4584855568146526
457,20,0,256,1.3350566792848166,1.4573375186135233
458,20,256,256,1.3991460877844122,1.4563014605999465
459,20,512,256,1.4213603100598764,1.4551333151000436
460,20,768,256,1.3921483664250163,1.4539835973776603
461,20,1024,256,1.3626771102501354,1.4528164568827184
462,20,1280,256,1.361024755050669,1.451779751773322
463,20,1536,256,1.3936233489932208,1.450664588308392
464,20,1792,256,1.3642463068966075,1.4495800861058592
465,20,2048,256,1.3876580019435076,1.448443566933108
466,20,2304,256,1.4021308299000845,1.4473684353834113
467,20,2560,256,1.3625084170698905,1.4461636071258392
468,20,2816,256,1.397068013556627,1.4451984444003572
469,20,3072,256,1.378601633353088,1.4440327195083773
470,20,3328,256,1.4017583102673234,1.4429214438408242
471,20,3584,256,1.4157378037966826,1.4418962638329385
472,20,3840,256,1.3900800693337214,1.4407781965563207
473,20,4096,256,1.3622079629128785,1.439647832960821
474,20,4352,256,1.367089015986895,1.438688507942961
475,20,4608,256,1.3324010307598884,1.437632269208359
476,20,4864,256,1.3451614037379267,1.4365890963439474
477,20,5120,256,1.3620984826012346,1.4355298492546797
478,20,5376,256,1.3821482186329506,1.4344759308202577
479,20,5632,256,1.3781619281274133,1.4334261192000302
480,20,5888,6,1.1452196502618592,1.4333902188738186
